insert into public.roles (type) values ('ROLE_ADMIN'), ('ROLE_MANAGER'), ('ROLE_USER');
insert into users (id, password, address, age, email, first_name, iban, income_type, last_name, passport_number, children, created_at) values ('f91a2aff-0de2-4841-8910-b0ed8e4870a2', '$2a$12$h0H2kMwiZsbifu0IO7UX8O08vHvPfAXWwG6J4UotCIW5gQLB9.37y', 'St Shevchenka 12', '21', 'john.smith@gmail.com', 'John', 'UA725949869141545644253336736', 'LOW', 'Smith', '1222147881239', 0, now()), ('d814c3b5-c973-4aab-839d-de659dd4e69c', '$2a$12$MAOsx9CcHuf1aOXac1f3euFctzB9sf.flVH7nSHnN59NfBkLtchz6', 'St Bulgakova 51', '32', '.smith@gmail.com', 'Isaac', 'UA919736852647721996634717177', 'MEDIUM', 'Hukovski', '2628147586932', 2, now());
insert into user_role (id, role_type) values ('f91a2aff-0de2-4841-8910-b0ed8e4870a2', 'ROLE_ADMIN'), ('d814c3b5-c973-4aab-839d-de659dd4e69c', 'ROLE_USER');
INSERT INTO assurances (percent, active_until, user_id, id, duration_type, type) VALUES(40, '2024-12-31 23:59:59+00', 'f91a2aff-0de2-4841-8910-b0ed8e4870a2', '123e4567-e89b-12d3-a456-426614174000', 'MONTHLY', 'MANDATORY'),(60, '2025-06-30 23:59:59+00', 'f91a2aff-0de2-4841-8910-b0ed8e4870a2', '123e4567-e89b-12d3-a456-426614174001', 'SEMI_ANNUAL', 'VOLUNTARY'),(90, '2025-01-15 23:59:59+00', 'f91a2aff-0de2-4841-8910-b0ed8e4870a2', '123e4567-e89b-12d3-a456-426614174002', 'ANNUAL', 'CRITICAL'),(60, '2024-11-30 23:59:59+00', 'f91a2aff-0de2-4841-8910-b0ed8e4870a2', '123e4567-e89b-12d3-a456-426614174003', 'MONTHLY', 'VOLUNTARY'),(40, '2025-07-31 23:59:59+00', 'f91a2aff-0de2-4841-8910-b0ed8e4870a2', '123e4567-e89b-12d3-a456-426614174004', 'SEMI_ANNUAL', 'MANDATORY'),(60, '2024-10-31 23:59:59+00', 'f91a2aff-0de2-4841-8910-b0ed8e4870a2', '123e4567-e89b-12d3-a456-426614174005', 'ANNUAL', 'VOLUNTARY'),(90, '2025-05-15 23:59:59+00', 'd814c3b5-c973-4aab-839d-de659dd4e69c', '123e4567-e89b-12d3-a456-426614174006', 'MONTHLY', 'CRITICAL'),(40, '2025-04-30 23:59:59+00', 'd814c3b5-c973-4aab-839d-de659dd4e69c', '123e4567-e89b-12d3-a456-426614174007', 'SEMI_ANNUAL', 'MANDATORY'),(60, '2025-03-31 23:59:59+00', 'd814c3b5-c973-4aab-839d-de659dd4e69c', '123e4567-e89b-12d3-a456-426614174008', 'ANNUAL', 'VOLUNTARY'),(90, '2024-09-30 23:59:59+00', 'd814c3b5-c973-4aab-839d-de659dd4e69c', '123e4567-e89b-12d3-a456-426614174009', 'MONTHLY', 'CRITICAL');
INSERT INTO diagnoses (id, name, severity_type) VALUES('f8d0a1e5-3b7c-4e9a-8b0d-9a1b8e3c4f7a', 'Common Cold', 'LOW'),('e6b7d1c5-9b3a-4c9d-8e0a-7f1a9b3c6e7a', 'Flu', 'MEDIUM'),('c9d3a7e2-4a1b-4e8a-9d0b-8c1d9a3b7f6a', 'Chickenpox', 'MEDIUM'),('b8e1d7f4-2b6c-4d9a-8c0d-7a3e8b1f9d2a', 'Bronchitis', 'MEDIUM'),('a3d2b9e6-7c1a-4d8b-9f0a-6e3b8d2c7a9f', 'Asthma', 'SEVERE'),('d7c3b9f1-4e2a-4b8d-9c0a-8a1d7e3f9b2c', 'Pneumonia', 'SEVERE'),('f1e2a3b4-9d8a-4c0b-8e1d-7c3a9b2e6f7a', 'Diabetes', 'SEVERE'),('c7b9e1d3-8a4b-4d9c-8f0a-6d3e9b1a7c2f', 'Hypertension', 'MEDIUM'),('b6f2d9e3-4c8a-4e1d-9a0b-7d1c9b3a6f7e', 'Heart Disease', 'SEVERE'),('e3a7c9b1-2d8a-4b9d-8c0e-7f2a9e1d6b4c', 'Arthritis', 'MEDIUM'),('d2c9e3a1-7b8d-4a0c-9e1d-6c3b7a2f9e5a', 'Migraine', 'MEDIUM'),('a7e3b9c1-6f2d-4b0a-8e1c-9d1a7c3f2e4b', 'Allergies', 'LOW'),('f3d1a7b9-8e4c-4b2d-9a0f-7c1e8b3a6d9e', 'Eczema', 'LOW'),('b2c9d3a1-4e7b-4c8a-9d0e-6a3f7e2d9b1c', 'Psoriasis', 'LOW'),('d8e3b7a1-9a2c-4f0d-8e1b-7c3d6b9f2a4e', 'Tuberculosis', 'SEVERE'),('a1d3b9e6-4c7a-4e0d-9f0c-8b1e7d2a3f9b', 'COVID-19', 'SEVERE'),('e9b2a7d3-6c8e-4f1a-8b0d-7a3d9b1c2e6f', 'Hepatitis B', 'SEVERE'),('c3d2a7b1-4f8e-4c0a-9e1d-6b1f7a3c9e2d', 'HIV/AIDS', 'SEVERE'),('b9e3a2d1-7a8c-4f0d-8b1e-6c3d9e2f1a4b', 'Malaria', 'SEVERE'),('d1a3b7e9-6c2f-4e8a-9d0b-7e3b9c1a4f2d', 'Cancer', 'SEVERE');
INSERT INTO refunds (id, amount, refund_status, updated_at, assurance_id, diagnosis_id, user_id) VALUES('6907f298-fcf3-4147-a153-6fe0913a6554', 150.50, 'AWAITING', '2024-05-24 12:34:56+00', '123e4567-e89b-12d3-a456-426614174000', 'f8d0a1e5-3b7c-4e9a-8b0d-9a1b8e3c4f7a', 'f91a2aff-0de2-4841-8910-b0ed8e4870a2'),('802f2e2f-bf5f-456a-b7e6-f0f16a80ad15', 300.75, 'PAID', '2024-05-24 12:35:56+00', '123e4567-e89b-12d3-a456-426614174000', 'c9d3a7e2-4a1b-4e8a-9d0b-8c1d9a3b7f6a', 'f91a2aff-0de2-4841-8910-b0ed8e4870a2'),('4c89adb2-5394-44ca-ac5c-12982b2aa204', 500.25, 'CANCELED', '2024-05-24 12:36:56+00', '123e4567-e89b-12d3-a456-426614174001', 'a3d2b9e6-7c1a-4d8b-9f0a-6e3b8d2c7a9f', 'f91a2aff-0de2-4841-8910-b0ed8e4870a2'),('67d55e60-a553-45e5-b93c-e2aad2a7f202', 250.00, 'AWAITING', '2024-05-24 12:37:56+00', '123e4567-e89b-12d3-a456-426614174001', 'c7b9e1d3-8a4b-4d9c-8f0a-6d3e9b1a7c2f', 'f91a2aff-0de2-4841-8910-b0ed8e4870a2'),('2a9ca2d1-c5ef-482d-8446-73f1daff00fd', 600.30, 'PAID', '2024-05-24 12:38:56+00', '123e4567-e89b-12d3-a456-426614174001', 'b6f2d9e3-4c8a-4e1d-9a0b-7d1c9b3a6f7e', 'f91a2aff-0de2-4841-8910-b0ed8e4870a2'),('e34607e7-445f-4ea0-acc8-6cafa763df8d', 120.50, 'CANCELED', '2024-05-24 12:39:56+00', '123e4567-e89b-12d3-a456-426614174001', 'a7e3b9c1-6f2d-4b0a-8e1c-9d1a7c3f2e4b', 'f91a2aff-0de2-4841-8910-b0ed8e4870a2'),('e1b24590-96d2-4715-bb68-e4947873f798', 220.80, 'AWAITING', '2024-05-24 12:40:56+00', '123e4567-e89b-12d3-a456-426614174002', 'a7e3b9c1-6f2d-4b0a-8e1c-9d1a7c3f2e4b', 'f91a2aff-0de2-4841-8910-b0ed8e4870a2'),('797ebe63-81e8-49f7-a286-ebf9aac5703d', 410.10, 'PAID', '2024-05-24 12:41:56+00', '123e4567-e89b-12d3-a456-426614174002', 'd2c9e3a1-7b8d-4a0c-9e1d-6c3b7a2f9e5a', 'f91a2aff-0de2-4841-8910-b0ed8e4870a2'),('c80e3371-ae6b-47f3-ba38-9488f27675e8', 560.20, 'CANCELED', '2024-05-24 12:42:56+00', '123e4567-e89b-12d3-a456-426614174002', 'b6f2d9e3-4c8a-4e1d-9a0b-7d1c9b3a6f7e', 'f91a2aff-0de2-4841-8910-b0ed8e4870a2'),('8bc04c0d-feea-4d2c-a365-1ea66113928e', 330.45, 'AWAITING', '2024-05-24 12:43:56+00', '123e4567-e89b-12d3-a456-426614174004', 'd2c9e3a1-7b8d-4a0c-9e1d-6c3b7a2f9e5a', 'f91a2aff-0de2-4841-8910-b0ed8e4870a2'),('b464d91c-7cd1-48a8-b542-44979ab293e6', 440.90, 'PAID', '2024-05-24 12:44:56+00', '123e4567-e89b-12d3-a456-426614174004', 'a1d3b9e6-4c7a-4e0d-9f0c-8b1e7d2a3f9b', 'd814c3b5-c973-4aab-839d-de659dd4e69c'),('4e9db6b5-902d-4a25-b01d-f82d50ef493a', 700.15, 'PAID', '2024-05-24 12:45:56+00', '123e4567-e89b-12d3-a456-426614174004', 'd1a3b7e9-6c2f-4e8a-9d0b-7e3b9c1a4f2d', 'd814c3b5-c973-4aab-839d-de659dd4e69c'),('5d9b1021-10b6-4497-bacd-2510d31bd838', 230.70, 'AWAITING', '2024-05-24 12:46:56+00', '123e4567-e89b-12d3-a456-426614174005', 'f3d1a7b9-8e4c-4b2d-9a0f-7c1e8b3a6d9e', 'd814c3b5-c973-4aab-839d-de659dd4e69c'),('286468b5-4dab-48dc-9b90-b4330485de27', 340.25, 'PAID', '2024-05-24 12:47:56+00', '123e4567-e89b-12d3-a456-426614174005', 'e3a7c9b1-2d8a-4b9d-8c0e-7f2a9e1d6b4c', 'd814c3b5-c973-4aab-839d-de659dd4e69c'),('4526e528-0b0b-4501-9242-1fa5f2972b9d', 450.60, 'CANCELED', '2024-05-24 12:48:56+00', '123e4567-e89b-12d3-a456-426614174005', 'e9b2a7d3-6c8e-4f1a-8b0d-7a3d9b1c2e6f', 'd814c3b5-c973-4aab-839d-de659dd4e69c'),('6dfc9718-47cc-42a8-a66f-b099e6ccc239', 520.00, 'AWAITING', '2024-05-24 12:49:56+00', '123e4567-e89b-12d3-a456-426614174005', 'e9b2a7d3-6c8e-4f1a-8b0d-7a3d9b1c2e6f', 'd814c3b5-c973-4aab-839d-de659dd4e69c'),('e57bc76e-a61b-4c73-b5b5-02fbda58d4c5', 150.35, 'PAID', '2024-05-24 12:50:56+00', '123e4567-e89b-12d3-a456-426614174006', 'f3d1a7b9-8e4c-4b2d-9a0f-7c1e8b3a6d9e', 'd814c3b5-c973-4aab-839d-de659dd4e69c'),('b4787657-1055-416b-891a-72bef4646110', 270.40, 'CANCELED', '2024-05-24 12:51:56+00', '123e4567-e89b-12d3-a456-426614174006', 'c7b9e1d3-8a4b-4d9c-8f0a-6d3e9b1a7c2f', 'd814c3b5-c973-4aab-839d-de659dd4e69c'),('c17adcda-c591-4a67-ae5b-20f71b7ee2a3', 310.55, 'AWAITING', '2024-05-24 12:52:56+00', '123e4567-e89b-12d3-a456-426614174007', 'c7b9e1d3-8a4b-4d9c-8f0a-6d3e9b1a7c2f', 'd814c3b5-c973-4aab-839d-de659dd4e69c'),('01d632c3-76c6-4b51-b8a7-289bd6bc3d56', 460.80, 'PAID', '2024-05-24 12:53:56+00', '123e4567-e89b-12d3-a456-426614174007', 'c3d2a7b1-4f8e-4c0a-9e1d-6b1f7a3c9e2d', 'd814c3b5-c973-4aab-839d-de659dd4e69c'),('14cac5eb-a50a-4d96-b201-8977361ff32b', 350.75, 'CANCELED', '2024-05-24 12:54:56+00', '123e4567-e89b-12d3-a456-426614174008', 'c9d3a7e2-4a1b-4e8a-9d0b-8c1d9a3b7f6a', 'd814c3b5-c973-4aab-839d-de659dd4e69c'),('57dba64f-c74f-4e61-9828-a86ee2d3a260', 570.90, 'AWAITING', '2024-05-24 12:55:56+00', '123e4567-e89b-12d3-a456-426614174008', 'b9e3a2d1-7a8c-4f0d-8b1e-6c3d9e2f1a4b', 'd814c3b5-c973-4aab-839d-de659dd4e69c');
